[
    {
        "abbreviationName": "中铁",
        "name": "中铁十八局集团有限公司广州分司",
        "owner": "谭伟姿",
        "address": "广州市珠海区新港东路53号307（仅限办公）",
        "area": "广州市", 
        "industry": "水利、环境和公共设施管理业 > 水利管理页", 
        "type": "国有企业", 
        "registeredCapital": "", 
        "businessStatus": "续存", 
        "startYears": "2021-05-26", 
        "financStage": "",
        "staffs": "", 
        "recruitmentInfo": "", 
        "phone": "", 
        "telephone": "2个", 
        "email": "", 
        "recommendNumber": "", 
        "webInfo": "", 
        "app": "", 
        "webPromotion": "",
        "baseinfo": 1,
        "businessDetail": 5
    },
    {
        "abbreviationName": "中铁",
        "name": "中铁十八局集团有限公司广州分司",
        "owner": "谭伟姿",
        "address": "广州市珠海区新港东路53号307（仅限办公）",
        "area": "广州市", 
        "industry": "水利、环境和公共设施管理业 > 水利管理页", 
        "type": "国有企业", 
        "registeredCapital": "500万", 
        "businessStatus": "续存",  
        "startYears": "2021-05-26", 
        "financStage": "",
        "staffs": "", 
        "recruitmentInfo": "", 
        "phone": "", 
        "telephone": "2个", 
        "email": "", 
        "recommendNumber": "", 
        "webInfo": "", 
        "app": "", 
        "webPromotion": "",
        "baseinfo": 1,
        "businessDetail": 5
    },
    {
        "abbreviationName": "中铁",
        "name": "中铁十八局集团有限公司广州分司",
        "owner": "谭伟姿",
        "address": "广州市珠海区新港东路53号307（仅限办公）",
        "area": "广州市", 
        "industry": "水利、环境和公共设施管理业 > 水利管理页", 
        "type": "国有企业", 
        "registeredCapital": "500万", 
        "businessStatus": "续存",  
        "startYears": "2021-05-26", 
        "financStage": "",
        "staffs": "", 
        "recruitmentInfo": "", 
        "phone": "", 
        "telephone": "2个", 
        "email": "", 
        "recommendNumber": "", 
        "webInfo": "", 
        "app": "", 
        "webPromotion": "",
        "baseinfo": 1,
        "businessDetail": 5
    },
    {
        "abbreviationName": "中铁",
        "name": "中铁十八局集团有限公司广州分司",
        "owner": "谭伟姿",
        "address": "广州市珠海区新港东路53号307（仅限办公）",
        "area": "广州市", 
        "industry": "水利、环境和公共设施管理业 > 水利管理页", 
        "type": "国有企业", 
        "registeredCapital": "500万", 
        "businessStatus": "续存",  
        "startYears": "2021-05-26", 
        "financStage": "",
        "staffs": "", 
        "recruitmentInfo": "", 
        "phone": "", 
        "telephone": "2个", 
        "email": "", 
        "recommendNumber": "", 
        "webInfo": "", 
        "app": "", 
        "webPromotion": "",
        "baseinfo": 1,
        "businessDetail": 5
    }
]