[
  {
    "serialNumber": "A817B3-202307251",
    "description": "测试",
    "filePath": "c/das/test",
    "createBy": "user1",
    "createTime": "2020-09-01 01:22:21",
    "statusName": "失败",
    "updateTime": "2020-09-01 01:22:21"
  },
  {
    "serialNumber": "A817B3-202307252",
    "description": "测试",
    "filePath": "c/das/test",
    "createBy": "user2",
    "createTime": "2020-09-01 01:22:21",
    "statusName": "执行中",
    "updateTime": "2020-09-01 01:22:21"
  },
  {
    "serialNumber": "A817B3-202307253",
    "description": "测试",
    "filePath": "c/das/test",
    "createBy": "张三",
    "createTime": "2020-09-01 01:22:21",
    "statusName": "成功",
    "updateTime": "2020-09-01 01:22:21"
  },
  {
    "serialNumber": "A817B3-202307254",
    "description": "测试",
    "filePath": "c/das/test",
    "createBy": "李四",
    "createTime": "2020-09-01 01:22:21",
    "statusName": "执行中",
    "updateTime": "2020-09-01 01:22:21"
  }
]
