{
    "area": [
        "北京市", "上海市", "天津市", "四川省", "重庆市", "广州省", "河南省", "河北省", "湖南省", "湖北省", "宁夏回族自治州", "新疆维吾尔自治区", "福建省", "辽宁省"
    ],
    "industry": ["农、林、牧、渔业", "采矿业", "住宿和餐饮业", "批发和零售业", "金融业", "房地产业"],
    "type": ["不限", "民营", "国有企业", "外资、中外合资", "港、澳、台投资", "个体工商户", "社会组织" ],
    "registeredCapital": ["100万以内", "100万-200万", "200万-500万", "500万-1000万", "1000万以上"],
    "businessStatus": ["不限", "在业", "吊销", "注销", "迁出", "停业", "其他"],
    "startYears": ["不限", "1年内", "1-5年", "5-10年", "10-15年", "15年以上", "自定义"],
    "financStage": ["未融资", "天使轮", "A轮", "B轮", "C轮", "D轮及以上", "已上市"],
    "staffs": ["选项1", "选项2", "选项3", "选项4", "选项5", "选项6", "选项7"],
    "recruitmentInfo": ["选项1", "选项2", "选项3", "选项4", "选项5", "选项6", "选项7"],
    "phone": ["选项1", "选项2", "选项3", "选项4", "选项5", "选项6", "选项7"],
    "telephone": ["选项1", "选项2", "选项3", "选项4", "选项5", "选项6", "选项7"],
    "email": ["选项1", "选项2", "选项3", "选项4", "选项5", "选项6", "选项7"],
    "recommendNumber": ["选项1", "选项2", "选项3", "选项4", "选项5", "选项6", "选项7"],
    "webInfo": ["选项1", "选项2", "选项3", "选项4", "选项5", "选项6", "选项7"],
    "app": ["选项1", "选项2", "选项3", "选项4", "选项5", "选项6", "选项7"],
    "webPromotion": ["选项1", "选项2", "选项3", "选项4", "选项5", "选项6", "选项7"]
}