[
  {
    "id": "1",
    "nameS": "96606部队医院",
    "bieming": null,
    "sheng": "河南省",
    "shi": "洛阳市",
    "xian": "涧西区",
    "dizhi": "河南省洛阳市涧西区天津路166号",
    "dengji": "二级",
    "leixing": "综合医院",
    "ybdd": "是",
    "yyxz": "公立",
    "shiRisxinfo": "4.76",
    "shiRisxinfoLevel": "1",
    "xianRisxinfo": null,
    "nameSRisxinfo": null,
    "nameSRisxinfoLevel": null
  },
  {
    "id": "2",
    "nameS": "阿巴嘎旗妇幼保健所",
    "bieming": null,
    "sheng": "内蒙古自治区",
    "shi": "锡林郭勒盟",
    "xian": "阿巴嘎旗",
    "dizhi": "阿巴嘎旗巴彦查干西街5号",
    "dengji": "一级",
    "leixing": "妇幼保健院",
    "ybdd": "是",
    "yyxz": "公立",
    "shiRisxinfo": null,
    "shiRisxinfoLevel": "2",
    "xianRisxinfo": null,
    "nameSRisxinfo": null,
    "nameSRisxinfoLevel": null
  },
  {
    "id": "3",
    "nameS": "阿巴嘎旗蒙医医院",
    "bieming": null,
    "sheng": "内蒙古自治区",
    "shi": "锡林郭勒盟",
    "xian": "阿巴嘎旗",
    "dizhi": "阿巴嘎旗别力古台镇乌冉克东街",
    "dengji": "二级",
    "leixing": "蒙医院",
    "ybdd": "是",
    "yyxz": "公立",
    "shiRisxinfo": null,
    "shiRisxinfoLevel": "3",
    "xianRisxinfo": null,
    "nameSRisxinfo": null,
    "nameSRisxinfoLevel": null
  },
  {
    "id": "4",
    "nameS": "北京市鼓楼中医医院",
    "bieming": null,
    "sheng": "北京市",
    "shi": "市辖区",
    "xian": "东城区",
    "dizhi": "北京市东城区豆腐池胡同13号",
    "dengji": "三级",
    "leixing": "中医（综合）医院",
    "ybdd": "是",
    "yyxz": "公立",
    "shiRisxinfo": null,
    "shiRisxinfoLevel": "3",
    "xianRisxinfo": null,
    "nameSRisxinfo": null,
    "nameSRisxinfoLevel": null
  },
  {
    "id": "5",
    "nameS": "阿巴嘎旗医院",
    "bieming": null,
    "sheng": "内蒙古自治区",
    "shi": "锡林郭勒盟",
    "xian": "阿巴嘎旗",
    "dizhi": "阿巴嘎旗别力古台镇",
    "dengji": "二级",
    "leixing": "综合医院",
    "ybdd": "是",
    "yyxz": "公立",
    "shiRisxinfo": null,
    "shiRisxinfoLevel": "2",
    "xianRisxinfo": null,
    "nameSRisxinfo": null,
    "nameSRisxinfoLevel": null
  },
  {
    "id": "6",
    "nameS": "阿坝藏族羌族自治州藏医院",
    "bieming": "阿坝藏族羌族自治州藏医药研究所",
    "sheng": "四川省",
    "shi": "阿坝藏族羌族自治州",
    "xian": "马尔康市",
    "dizhi": "马尔康市马尔康镇美谷街177号",
    "dengji": "二级",
    "leixing": "藏医院",
    "ybdd": "是",
    "yyxz": "公立",
    "shiRisxinfo": null,
    "shiRisxinfoLevel": "1",
    "xianRisxinfo": null,
    "nameSRisxinfo": null,
    "nameSRisxinfoLevel": null
  },
  {
    "id": "319",
    "nameS": "博爱县中医院",
    "bieming": null,
    "sheng": "河南省",
    "shi": "焦作市",
    "xian": "博爱县",
    "dizhi": "河南省博爱县清化镇玉祥路185号",
    "dengji": "二级",
    "leixing": "中医（综合）医院",
    "ybdd": "是",
    "yyxz": "公立",
    "shiRisxinfo": "28.57",
    "shiRisxinfoLevel": "2",
    "xianRisxinfo": null,
    "nameSRisxinfo": "52.38",
    "nameSRisxinfoLevel": null
  },
  {
    "id": "8",
    "nameS": "阿坝藏族羌族自治州人民医院",
    "bieming": null,
    "sheng": "四川省",
    "shi": "阿坝藏族羌族自治州",
    "xian": "马尔康市",
    "dizhi": "马尔康市马尔康镇马江街95号",
    "dengji": "三级",
    "leixing": "综合医院",
    "ybdd": "是",
    "yyxz": "公立",
    "shiRisxinfo": null,
    "shiRisxinfoLevel": null,
    "xianRisxinfo": null,
    "nameSRisxinfo": null,
    "nameSRisxinfoLevel": null
  },
  {
    "id": "19091",
    "nameS": "雅安市雨城区人民医院",
    "bieming": "雅安市第二人民医院",
    "sheng": "四川省",
    "shi": "雅安市",
    "xian": "雨城区",
    "dizhi": "雅安市雨城区南三路48号",
    "dengji": "三级",
    "leixing": "综合医院",
    "ybdd": "是",
    "yyxz": "公立",
    "shiRisxinfo": "4.76",
    "shiRisxinfoLevel": "1",
    "xianRisxinfo": null,
    "nameSRisxinfo": "76.19",
    "nameSRisxinfoLevel": null
  },
  {
    "id": "1525",
    "nameS": "大屯煤电（集团）有限责任公司中心医院",
    "bieming": null,
    "sheng": "江苏省",
    "shi": "徐州市",
    "xian": "沛县",
    "dizhi": "江苏省徐州市沛县",
    "dengji": "二级",
    "leixing": "综合医院",
    "ybdd": "是",
    "yyxz": "公立",
    "shiRisxinfo": "33.33",
    "shiRisxinfoLevel": "2",
    "xianRisxinfo": null,
    "nameSRisxinfo": "38.1",
    "nameSRisxinfoLevel": null
  },
  {
    "id": "1525",
    "nameS": "大屯煤电（集团）有限责任公司中心医院",
    "bieming": null,
    "sheng": "江苏省",
    "shi": "徐州市",
    "xian": "沛县",
    "dizhi": "江苏省徐州市沛县",
    "dengji": "二级",
    "leixing": "综合医院",
    "ybdd": "是",
    "yyxz": "公立",
    "shiRisxinfo": "33.33",
    "shiRisxinfoLevel": "2",
    "xianRisxinfo": null,
    "nameSRisxinfo": "38.1",
    "nameSRisxinfoLevel": null
  },
  {
    "id": "1525",
    "nameS": "大屯煤电（集团）有限责任公司中心医院",
    "bieming": null,
    "sheng": "江苏省",
    "shi": "徐州市",
    "xian": "沛县",
    "dizhi": "江苏省徐州市沛县",
    "dengji": "二级",
    "leixing": "综合医院",
    "ybdd": "是",
    "yyxz": "公立",
    "shiRisxinfo": "33.33",
    "shiRisxinfoLevel": "2",
    "xianRisxinfo": null,
    "nameSRisxinfo": "38.1",
    "nameSRisxinfoLevel": null
  },
  {
    "id": "1525",
    "nameS": "大屯煤电（集团）有限责任公司中心医院",
    "bieming": null,
    "sheng": "江苏省",
    "shi": "徐州市",
    "xian": "沛县",
    "dizhi": "江苏省徐州市沛县",
    "dengji": "二级",
    "leixing": "综合医院",
    "ybdd": "是",
    "yyxz": "公立",
    "shiRisxinfo": "33.33",
    "shiRisxinfoLevel": "2",
    "xianRisxinfo": null,
    "nameSRisxinfo": "38.1",
    "nameSRisxinfoLevel": null
  },
  {
    "id": "1525",
    "nameS": "大屯煤电（集团）有限责任公司中心医院",
    "bieming": null,
    "sheng": "江苏省",
    "shi": "徐州市",
    "xian": "沛县",
    "dizhi": "江苏省徐州市沛县",
    "dengji": "二级",
    "leixing": "综合医院",
    "ybdd": "是",
    "yyxz": "公立",
    "shiRisxinfo": "33.33",
    "shiRisxinfoLevel": "2",
    "xianRisxinfo": null,
    "nameSRisxinfo": "38.1",
    "nameSRisxinfoLevel": null
  }
]