[
  {
    "id": "1",
    "name": "三通",
    "code": "C1423142290000000629",
    "onesort": "基础卫生材料",
    "towsort": "输液、输血器具及管路",
    "threesort": "三通",
    "material": "常规",
    "specification": "不区分",
    "enterprise": "浙江康德莱医疗器械股份有限公司",
    "number": "-",
    "dname": "一次性使用旋塞阀",
    "numbers": "1"
  },
  {
    "id": "2",
    "name": "义齿材料",
    "code": "C0706011440100103713",
    "onesort": "口腔材料",
    "towsort": "修复体制作材料",
    "threesort": "修复体制作材料",
    "material": "牙冠",
    "specification": "金属合金",
    "enterprise": "汉中市精冠义齿制作有限公司",
    "number": "-",
    "dname": "定制式固定义齿",
    "numbers": "1"
  },
  {
    "id": "3",
    "name": "气管插管",
    "code": "C1425012090000008552",
    "onesort": "基础卫生材料",
    "towsort": "气管插管及附件",
    "threesort": "气管插管",
    "material": "常规",
    "specification": "不区分",
    "enterprise": "稳健平安医疗科技（湖南）有限公司",
    "number": "-",
    "dname": "一次性使用气管插管",
    "numbers": "1"
  },
  {
    "id": "4",
    "name": "敷料",
    "code": "C1701042160200014384",
    "onesort": "功能性敷料",
    "towsort": "创口敷料",
    "threesort": "水胶体敷料",
    "material": "常规",
    "specification": "果胶",
    "enterprise": "云南可静生物科技有限公司",
    "number": "-",
    "dname": "医用重组胶原蛋白水胶体敷料",
    "numbers": "1"
  },
  {
    "id": "5",
    "name": "义齿材料",
    "code": "C0706011440100103715",
    "onesort": "口腔材料",
    "towsort": "修复体制作材料",
    "threesort": "修复体制作材料",
    "material": "牙冠",
    "specification": "金属合金",
    "enterprise": "龙岩市恩威义齿制作有限公司",
    "number": "-",
    "dname": "定制式固定义齿",
    "numbers": "1"
  },
  {
    "id": "6",
    "name": "固定板",
    "code": "C0311150800301411655",
    "onesort": "骨科材料",
    "towsort": "接骨板",
    "threesort": "通用接骨板",
    "material": "锁定加压/弧形/非灭菌",
    "specification": "钛合金",
    "enterprise": "河北瑞鹤医疗器械有限公司",
    "number": "-",
    "dname": "钛合金锁定接骨板系统-接骨板",
    "numbers": "1"
  },
  {
    "id": "7",
    "name": "敷料",
    "code": "C1701082160200014331",
    "onesort": "功能性敷料",
    "towsort": "创口敷料",
    "threesort": "生物敷料",
    "material": "常规",
    "specification": "壳聚糖",
    "enterprise": "杭州烨强生物科技有限公司",
    "number": "-",
    "dname": "一次性壳聚糖无菌医用敷贴",
    "numbers": "1"
  },
  {
    "id": "8",
    "name": "义齿材料",
    "code": "C0706011440100103740",
    "onesort": "口腔材料",
    "towsort": "修复体制作材料",
    "threesort": "修复体制作材料",
    "material": "牙冠",
    "specification": "金属合金",
    "enterprise": "杭州求真齿科材料有限公司",
    "number": "-",
    "dname": "定制式固定义齿",
    "numbers": "1"
  },
  {
    "id": "9",
    "name": "敷料",
    "code": "C1701082160200014989",
    "onesort": "功能性敷料",
    "towsort": "创口敷料",
    "threesort": "生物敷料",
    "material": "常规",
    "specification": "壳聚糖",
    "enterprise": "湖南银华棠医药科技有限公司",
    "number": "-",
    "dname": "壳聚糖妇科抗菌喷洗剂",
    "numbers": "3"
  },
  {
    "id": "10",
    "name": "义齿材料",
    "code": "C0706011440100103766",
    "onesort": "口腔材料",
    "towsort": "修复体制作材料",
    "threesort": "修复体制作材料",
    "material": "牙冠",
    "specification": "金属合金",
    "enterprise": "杭州美弗医学科技有限公司",
    "number": "-",
    "dname": "定制式固定义齿",
    "numbers": "1"
  }
]
