[
  {
    "id": "1",
    "drugtype": "西药",
    "drugcode": "XJ01FAJ010A001010303098",
    "registeredname": "吉他霉素片",
    "productname": "无",
    "zcjx": "片剂",
    "zcgg": "10万单位",
    "bzcz": "铝箔装",
    "zxbzsl": "600",
    "zxzjdw": "片",
    "zxbzdw": "盒",
    "enterprise": "天方药业有限公司",
    "number": "国药准字H41025581",
    "drugstandardcode": "86903098002034",
    "jyl": "-",
    "bm": "-",
    "drugname": "吉他霉素片",
    "jx": "-",
    "bz": "-"
  },
  {
    "id": "2",
    "drugtype": "西药",
    "drugcode": "XV08CAG153B002010304948",
    "registeredname": "钆塞酸二钠注射液",
    "productname": "无",
    "zcjx": "注射剂",
    "zcgg": "10ml:1814.3mg(以钆塞酸二钠计)",
    "bzcz": "10ml预装玻璃注射器装",
    "zxbzsl": "10",
    "zxzjdw": "支",
    "zxbzdw": "盒",
    "enterprise": "湖南科伦制药有限公司",
    "number": "国药准字H20213742",
    "drugstandardcode": "86904948001207",
    "jyl": "-",
    "bm": "-",
    "drugname": "钆塞酸二钠注射液",
    "jx": "-",
    "bz": "-"
  },
  {
    "id": "3",
    "drugtype": "西药",
    "drugcode": "XB03BAJ038A001010200543",
    "registeredname": "甲钴胺片",
    "productname": "加利保",
    "zcjx": "片剂",
    "zcgg": "0.5mg",
    "bzcz": "无",
    "zxbzsl": "60",
    "zxzjdw": "片",
    "zxbzdw": "盒",
    "enterprise": "深圳市中联制药有限公司",
    "number": "国药准字H20050320",
    "drugstandardcode": "86900543000492",
    "jyl": "乙",
    "bm": "243",
    "drugname": "甲钴胺片",
    "jx": "口服常释剂型",
    "bz": "-"
  },
  {
    "id": "4",
    "drugtype": "西药",
    "drugcode": "XA01ABD075A002010100483",
    "registeredname": "地喹氯铵含片",
    "productname": "无",
    "zcjx": "片剂(口含)",
    "zcgg": "0.25mg",
    "bzcz": "铝塑",
    "zxbzsl": "24",
    "zxzjdw": "片",
    "zxbzdw": "盒",
    "enterprise": "汕头经济特区明治医药有限公司",
    "number": "国药准字H20067255",
    "drugstandardcode": "8690048319",
    "jyl": "-",
    "bm": "-",
    "drugname": "地喹氯铵含片",
    "jx": "-",
    "bz": "-"
  },
  {
    "id": "5",
    "drugtype": "西药",
    "drugcode": "XJ01FAJ010A001010304747",
    "registeredname": "吉他霉素片",
    "productname": "无",
    "zcjx": "片剂",
    "zcgg": "10万单位",
    "bzcz": "铝塑",
    "zxbzsl": "600",
    "zxzjdw": "片",
    "zxbzdw": "盒",
    "enterprise": "浙江医药股份有限公司新昌制药厂",
    "number": "国药准字H33022651",
    "drugstandardcode": "86904747002009",
    "jyl": "-",
    "bm": "-",
    "drugname": "吉他霉素片",
    "jx": "-",
    "bz": "-"
  },
  {
    "id": "6",
    "drugtype": "西药",
    "drugcode": "XA01ABD075A002010100594",
    "registeredname": "地喹氯铵含片",
    "productname": "无",
    "zcjx": "含片",
    "zcgg": "0.25mg",
    "bzcz": "铝塑包装",
    "zxbzsl": "12",
    "zxzjdw": "片",
    "zxbzdw": "盒",
    "enterprise": "珠海同源药业有限公司",
    "number": "国药准字H44024254",
    "drugstandardcode": "86900594000342",
    "jyl": "-",
    "bm": "-",
    "drugname": "地喹氯铵含片",
    "jx": "-",
    "bz": "-"
  },
  {
    "id": "7",
    "drugtype": "西药",
    "drugcode": "XJ01FAJ010A001010305049",
    "registeredname": "吉他霉素片",
    "productname": "无",
    "zcjx": "片剂",
    "zcgg": "10万单位",
    "bzcz": "无",
    "zxbzsl": "30",
    "zxzjdw": "片",
    "zxbzdw": "盒",
    "enterprise": "湖南恒生制药股份有限公司",
    "number": "国药准字H43022207",
    "drugstandardcode": "86905049000380",
    "jyl": "-",
    "bm": "-",
    "drugname": "吉他霉素片",
    "jx": "-",
    "bz": "-"
  },
  {
    "id": "8",
    "drugtype": "西药",
    "drugcode": "XA01ABD075A002010107478",
    "registeredname": "地喹氯铵含片",
    "productname": "无",
    "zcjx": "含片",
    "zcgg": "0.25mg",
    "bzcz": "纸板",
    "zxbzsl": "1",
    "zxzjdw": "袋",
    "zxbzdw": "袋",
    "enterprise": "安徽恒星制药有限公司",
    "number": "国药准字H20123158",
    "drugstandardcode": "8690747878",
    "jyl": "-",
    "bm": "-",
    "drugname": "地喹氯铵含片",
    "jx": "-",
    "bz": "-"
  },
  {
    "id": "9",
    "drugtype": "西药",
    "drugcode": "XV08CAG153B002010378271",
    "registeredname": "钆塞酸二钠注射液",
    "productname": "普美显",
    "zcjx": "注射液",
    "zcgg": "10ml预装玻璃注射器,每1ml中含钆塞酸二钠181.43mg",
    "bzcz": "10ml预装注射器,针筒：无色、I型玻璃，用硅油乳剂硅化",
    "zxbzsl": "5",
    "zxzjdw": "支",
    "zxbzdw": "盒",
    "enterprise": "Bayer Vital GmbH",
    "number": "H20150175",
    "drugstandardcode": "86978271002927",
    "jyl": "-",
    "bm": "-",
    "drugname": "钆塞酸二钠注射液",
    "jx": "-",
    "bz": "-"
  },
  {
    "id": "10",
    "drugtype": "西药",
    "drugcode": "XJ01FAJ010A001010403004",
    "registeredname": "吉他霉素片",
    "productname": "无",
    "zcjx": "片剂",
    "zcgg": "10万单位",
    "bzcz": "药用铝箔、聚氯乙烯固体药用硬片",
    "zxbzsl": "20",
    "zxzjdw": "片",
    "zxbzdw": "板",
    "enterprise": "白云山汤阴东泰药业有限责任公司",
    "number": "国药准字H41025591",
    "drugstandardcode": "8690300431",
    "jyl": "-",
    "bm": "-",
    "drugname": "吉他霉素片",
    "jx": "-",
    "bz": "-"
  },
  {
    "id": "11",
    "drugtype": "西药",
    "drugcode": "XA01ABD075A002010200144",
    "registeredname": "地喹氯铵含片",
    "productname": "无",
    "zcjx": "片剂",
    "zcgg": "0.25mg",
    "bzcz": "双铝泡罩包装",
    "zxbzsl": "12",
    "zxzjdw": "片",
    "zxbzdw": "盒",
    "enterprise": "华润双鹤药业股份有限公司",
    "number": "国药准字H11021869",
    "drugstandardcode": "86900144005704",
    "jyl": "-",
    "bm": "-",
    "drugname": "地喹氯铵含片",
    "jx": "-",
    "bz": "-"
  },
  {
    "id": "12",
    "drugtype": "西药",
    "drugcode": "XJ01FAJ010A001010403098",
    "registeredname": "吉他霉素片",
    "productname": "无",
    "zcjx": "片剂",
    "zcgg": "10万单位",
    "bzcz": "聚氯乙烯固体药用硬片、药品包装用铝箔装",
    "zxbzsl": "12",
    "zxzjdw": "片",
    "zxbzdw": "板",
    "enterprise": "天方药业有限公司",
    "number": "国药准字H41025581",
    "drugstandardcode": "86903098002034",
    "jyl": "-",
    "bm": "-",
    "drugname": "吉他霉素片",
    "jx": "-",
    "bz": "-"
  },
  {
    "id": "13",
    "drugtype": "西药",
    "drugcode": "XV08CAG154B002010100014",
    "registeredname": "钆布醇注射液",
    "productname": "无",
    "zcjx": "注射剂",
    "zcgg": "7.5ml:4.5354g",
    "bzcz": "中硼硅玻璃模制注射剂瓶包装",
    "zxbzsl": "1",
    "zxzjdw": "瓶",
    "zxbzdw": "盒",
    "enterprise": "北京北陆药业股份有限公司",
    "number": "国药准字H20223177",
    "drugstandardcode": "86900014000310",
    "jyl": "乙",
    "bm": "TX211",
    "drugname": "钆布醇注射液",
    "jx": "-",
    "bz": "-"
  },
  {
    "id": "14",
    "drugtype": "西药",
    "drugcode": "XJ01FAJ010A001010405049",
    "registeredname": "吉他霉素片",
    "productname": "无",
    "zcjx": "片剂",
    "zcgg": "10万单位",
    "bzcz": "无",
    "zxbzsl": "360",
    "zxzjdw": "片",
    "zxbzdw": "盒",
    "enterprise": "湖南恒生制药股份有限公司",
    "number": "国药准字H43022207",
    "drugstandardcode": "86905049000380",
    "jyl": "-",
    "bm": "-",
    "drugname": "吉他霉素片",
    "jx": "-",
    "bz": "-"
  },
  {
    "id": "15",
    "drugtype": "西药",
    "drugcode": "XA01ABD075A002010200594",
    "registeredname": "地喹氯铵含片",
    "productname": "无",
    "zcjx": "含片",
    "zcgg": "0.25mg",
    "bzcz": "铝塑包装",
    "zxbzsl": "24",
    "zxzjdw": "片",
    "zxbzdw": "盒",
    "enterprise": "珠海同源药业有限公司",
    "number": "国药准字H44024254",
    "drugstandardcode": "86900594000342",
    "jyl": "-",
    "bm": "-",
    "drugname": "地喹氯铵含片",
    "jx": "-",
    "bz": "-"
  },
  {
    "id": "16",
    "drugtype": "西药",
    "drugcode": "XJ01FAJ010A018010100320",
    "registeredname": "吉他霉素片",
    "productname": "无",
    "zcjx": "糖衣片",
    "zcgg": "10万单位",
    "bzcz": "塑料瓶装",
    "zxbzsl": "100",
    "zxzjdw": "片",
    "zxbzdw": "瓶",
    "enterprise": "广东罗特药业股份有限公司",
    "number": "国药准字H44025381",
    "drugstandardcode": "8690032158",
    "jyl": "-",
    "bm": "-",
    "drugname": "吉他霉素片",
    "jx": "-",
    "bz": "-"
  },
  {
    "id": "17",
    "drugtype": "西药",
    "drugcode": "XA01ABD075A002020100594",
    "registeredname": "地喹氯铵含片",
    "productname": "无",
    "zcjx": "片剂",
    "zcgg": "(1)0.25mg (2)0.25mg(无糖型)",
    "bzcz": "铝塑包装",
    "zxbzsl": "6",
    "zxzjdw": "片",
    "zxbzdw": "盒",
    "enterprise": "珠海同源药业有限公司",
    "number": "国药准字H44024254",
    "drugstandardcode": "86900594000335",
    "jyl": "-",
    "bm": "-",
    "drugname": "地喹氯铵含片",
    "jx": "-",
    "bz": "-"
  },
  {
    "id": "18",
    "drugtype": "西药",
    "drugcode": "XB03BAJ038A001010201272",
    "registeredname": "甲钴胺片",
    "productname": "弥诺",
    "zcjx": "片剂",
    "zcgg": "0.5mg",
    "bzcz": "铝塑泡罩",
    "zxbzsl": "24",
    "zxzjdw": "片",
    "zxbzdw": "盒",
    "enterprise": "四川德峰药业有限公司",
    "number": "国药准字H20041229",
    "drugstandardcode": "86901272000128",
    "jyl": "乙",
    "bm": "243",
    "drugname": "甲钴胺片",
    "jx": "口服常释剂型",
    "bz": "-"
  },
  {
    "id": "19",
    "drugtype": "西药",
    "drugcode": "XJ01FAJ010A018010102038",
    "registeredname": "吉他霉素片",
    "productname": "无",
    "zcjx": "糖衣片",
    "zcgg": "10万单位",
    "bzcz": "药用PVC硬片/药品包装用PTP铝箔",
    "zxbzsl": "12",
    "zxzjdw": "片",
    "zxbzdw": "盒",
    "enterprise": "成都锦华药业有限责任公司",
    "number": "国药准字H51023956",
    "drugstandardcode": "86902038000277",
    "jyl": "-",
    "bm": "-",
    "drugname": "吉他霉素片",
    "jx": "-",
    "bz": "-"
  },
  {
    "id": "20",
    "drugtype": "西药",
    "drugcode": "XA01ABD075A002020200594",
    "registeredname": "地喹氯铵含片",
    "productname": "无",
    "zcjx": "含片(无糖型)",
    "zcgg": "(1)0.25mg (2)0.25mg(无糖型)",
    "bzcz": "铝塑包装",
    "zxbzsl": "12",
    "zxzjdw": "片",
    "zxbzdw": "盒",
    "enterprise": "珠海同源药业有限公司",
    "number": "国药准字H44024254",
    "drugstandardcode": "86900594000335",
    "jyl": "-",
    "bm": "-",
    "drugname": "地喹氯铵含片",
    "jx": "-",
    "bz": "-"
  }
]