[
  {
    "id": "1",
    "name": "人组织相容性抗原I类(HLA－I)分型(血清学配型)",
    "code": "002600000220300-260000022/1",
    "zlmulb": "-",
    "illustrate": "-",
    "connotation": "-",
    "content": "-",
    "jjdw": "组"
  },
  {
    "id": "2",
    "name": "破裂腹主动脉瘤切除腹主动脉-双股动脉人工血管置换术",
    "code": "003308040170000-HLK66310",
    "zlmulb": "-",
    "illustrate": "-",
    "connotation": "连续硬膜外麻醉或全身麻醉，腹正中绕脐切口，股三角区纵切口，全身肝素化，控制并阻断腹主动脉及双髂股动脉，打后腹膜隧道连接腹部与股部切口，结扎肠系膜下动脉，切开动脉瘤体，缝扎腰动脉及髂动脉断端，保留或重建至少一侧髂内动脉，以Y型人工血管分别与腹主动脉及双侧股动脉吻合，关腹及股部切口。不含髂内动脉、肠系膜下动脉重建。",
    "content": "人工血管，特殊缝线，止血材料",
    "jjdw": "次"
  },
  {
    "id": "3",
    "name": "医疗服务项目",
    "code": "0",
    "zlmulb": "-",
    "illustrate": "-",
    "connotation": "-",
    "content": "-",
    "jjdw": "-"
  },
  {
    "id": "4",
    "name": "挂号费",
    "code": "001101000010000",
    "zlmulb": "-",
    "illustrate": "-",
    "connotation": "含门诊、急诊及其为患者提供候诊就诊设施条件、病历档案袋、诊断书、收费清单",
    "content": "计算机预约挂号服务、初诊建病历、病历手册",
    "jjdw": "次"
  },
  {
    "id": "5",
    "name": "人组织相容性抗原I类(HLA－I)分型",
    "code": "002600000220300-26000002200",
    "zlmulb": "-",
    "illustrate": "血清学配型",
    "connotation": "包括可溶性HLA-I",
    "content": "-",
    "jjdw": "组"
  },
  {
    "id": "6",
    "name": "挂号费",
    "code": "001101000010000-001101000010000",
    "zlmulb": "-",
    "illustrate": "门诊注射、换药、针灸、理疗、推拿、血透、放射治疗按疗程收取一次挂号费,不同级别医院挂号费可拉开档次计价，不得超过四个档次",
    "connotation": "含门诊、急诊及其为患者提供候诊就诊设施条件、病历档案袋、诊断书、收费清单",
    "content": "计算机预约挂号服务、初诊建病历、病历手册",
    "jjdw": "次"
  },
  {
    "id": "7",
    "name": "初诊建病历(含电子或纸质病历)",
    "code": "001101000010000-00110100001000001",
    "zlmulb": "-",
    "illustrate": "-",
    "connotation": "-",
    "content": "-",
    "jjdw": "日"
  },
  {
    "id": "8",
    "name": "破裂腹主动脉瘤切除腹主动脉-双股动脉人工血管置换术",
    "code": "003308040170000-HLK6631000",
    "zlmulb": "-",
    "illustrate": "0",
    "connotation": "连续硬膜外麻醉或全身麻醉，腹正中绕脐切口，股三角区纵切口，全身肝素化，控制并阻断腹主动脉及双髂股动脉，打后腹膜隧道连接腹部与股部切口，结扎肠系膜下动脉，切开动脉瘤体，缝扎腰动脉及髂动脉断端，保留或重建至少一侧髂内动脉，以Y型人工血管分别与腹主动脉及双侧股动脉吻合，关腹及股部切口。不含髂内动脉、肠系膜下动脉重建。",
    "content": "人工血管，特殊缝线，止血材料",
    "jjdw": "次"
  },
  {
    "id": "9",
    "name": "挂号费(有中央空调加收)",
    "code": "001101000010000-110100001-1",
    "zlmulb": "-",
    "illustrate": "门诊注射、换药、针灸、理疗、推拿、血透、放射治疗按疗程收取一次挂号费,有中央空调加收5角",
    "connotation": "含门诊、急诊及其为患者提供候诊就诊设施条件、病历档案袋、诊断书、收费清单",
    "content": "计算机预约挂号服务、初诊建病历、病历手册",
    "jjdw": "次"
  },
  {
    "id": "10",
    "name": "病历手册",
    "code": "001101000010000-110100001-2",
    "zlmulb": "-",
    "illustrate": "-",
    "connotation": "-",
    "content": "-",
    "jjdw": "-"
  }
]